filename,annotation
koajaesby7cmhujlcwkl.jpg,"Game has genres: Shooter, Platform, Puzzle, Adventure; perspectives: First person. this game screenshot shows a robot in a futuristic city"
poegvjadtys8fflxpxnu.jpg,"Game has genres: Shooter, Platform, Puzzle, Adventure; perspectives: First person. this game screenshot shows a red room with a red light"
lrx26njeiciksjqby7ou.jpg,"Game has genres: Shooter, Platform, Puzzle, Adventure; perspectives: First person. this game screenshot shows the inside of the room"
vux5gzepdeqvhvm84rcz.jpg,"Game has genres: Shooter, Platform, Puzzle, Adventure; perspectives: First person. this game screenshot shows the real - life of iron man"
jlt7ncnm7cheka0hmypd.jpg,"Game has genres: Shooter, Platform, Puzzle, Adventure; perspectives: First person. this game screenshot shows the inside of a room with a large screen"
vbr5pcodmqah56dbsc9v.jpg,"Game has genres: Shooter, Platform, Puzzle, Adventure; perspectives: First person. this game screenshot shows the game ' s main features"
uu9ch2azikxoc06kdlsm.jpg,"Game has genres: Shooter, Platform, Puzzle, Adventure; perspectives: First person. this game screenshot shows the game ' s main menu"
odn0rkifmflc0xusbovl.jpg,"Game has genres: Shooter, Platform, Puzzle, Adventure; perspectives: First person. this game screenshot shows a screenshot of a robot from the video game"
diemffq1eggulafx3bqm.jpg,"Game has genres: Shooter, Platform, Puzzle, Adventure; perspectives: First person. this game screenshot shows the inside of the room"
vbdsy0skk851bz9d5xic.jpg,"Game has genres: Shooter, Platform, Puzzle, Adventure; perspectives: First person. this game screenshot shows a robot that is a robot that is a robot that is a robot that is a robot that is"
iqfqrjvymtqgmy9liedj.jpg,"Game has genres: Shooter, Platform, Puzzle, Adventure; perspectives: First person. this game screenshot shows the game ' s main character, person, in a different way"
u8hzyqyvtimflivvlyqz.jpg,"Game has genres: Shooter, Platform, Puzzle, Adventure; perspectives: First person. this game screenshot shows the inside of the space station"
sc8915.jpg,"Game has genres: Puzzle, Adventure; perspectives: Third person. this game screenshot shows a person walking down a dark hallway"
sc8917.jpg,"Game has genres: Puzzle, Adventure; perspectives: Third person. this game screenshot shows a woman in a red dress and a man in a black jacket"
sc8916.jpg,"Game has genres: Puzzle, Adventure; perspectives: Third person. this game screenshot shows the character in the game"
sc8919.jpg,"Game has genres: Puzzle, Adventure; perspectives: Third person. this game screenshot shows a bloody scene in the video game resident"
sc891b.jpg,"Game has genres: Puzzle, Adventure; perspectives: Third person. this game screenshot shows a man in a suit standing behind a fence"
sc891a.jpg,"Game has genres: Puzzle, Adventure; perspectives: Third person. this game screenshot shows a room in the house"
meykaqey1soxhtcpawbk.jpg,"Game has genres: Role-playing (RPG), Adventure; perspectives: Third person. this game screenshot shows the first person in the game"
tr3gnlvwjny4hhoxohjf.jpg,"Game has genres: Role-playing (RPG), Adventure; perspectives: Third person. this game screenshot shows the action of the jedi"
h4j196xtabauif8kfyzk.jpg,"Game has genres: Role-playing (RPG), Adventure; perspectives: Third person. this game screenshot shows the first person in the game"
u5wjmqgocr56mbjiy39o.jpg,"Game has genres: Role-playing (RPG), Adventure; perspectives: Third person. this game screenshot shows the game ' s main characters, including the female and male characters"
t6sbntrryrakyhizdoab.jpg,"Game has genres: Role-playing (RPG), Adventure; perspectives: Third person. this game screenshot shows the battle of the titans"
scs28v.jpg,"Game has genres: Role-playing (RPG), Adventure; perspectives: Third person. this game screenshot shows a view of the ancient stonehenk"
scs28w.jpg,"Game has genres: Role-playing (RPG), Adventure; perspectives: Third person. this game screenshot shows the person in the dark side of the force"
scs28x.jpg,"Game has genres: Role-playing (RPG), Adventure; perspectives: Third person. this game screenshot shows a man standing in a stone wall"
scs28y.jpg,"Game has genres: Role-playing (RPG), Adventure; perspectives: Third person. this game screenshot shows the scene of the city"
scs28z.jpg,"Game has genres: Role-playing (RPG), Adventure; perspectives: Third person. this game screenshot shows the inside of a spaceship"
scs290.jpg,"Game has genres: Role-playing (RPG), Adventure; perspectives: Third person. this game screenshot shows a scene from the star wars"
scs291.jpg,"Game has genres: Role-playing (RPG), Adventure; perspectives: Third person. this game screenshot shows a woman in a blue dress"
scs292.jpg,"Game has genres: Role-playing (RPG), Adventure; perspectives: Third person. this game screenshot shows a scene from the movie"
scs293.jpg,"Game has genres: Role-playing (RPG), Adventure; perspectives: Third person. this game screenshot shows the game ' s main characters"
scs294.jpg,"Game has genres: Role-playing (RPG), Adventure; perspectives: Third person. this game screenshot shows a futuristic city"
scs295.jpg,"Game has genres: Role-playing (RPG), Adventure; perspectives: Third person. this game screenshot shows a man with a gun in a field"
scs296.jpg,"Game has genres: Role-playing (RPG), Adventure; perspectives: Third person. this game screenshot shows a jedi in a jedi - like setting"
scs297.jpg,"Game has genres: Role-playing (RPG), Adventure; perspectives: Third person. this game screenshot shows the scene from the star wars"
scs298.jpg,"Game has genres: Role-playing (RPG), Adventure; perspectives: Third person. this game screenshot shows a tree in a field"
scs299.jpg,"Game has genres: Role-playing (RPG), Adventure; perspectives: Third person. this game screenshot shows the ancient aliens in the desert"
mpphkihhk8yh9m2zaafd.jpg,Game has genres: Shooter; perspectives: First person. this game screenshot shows a very good shot of the enemy
iau5t12jemoelx0xuzna.jpg,Game has genres: Shooter; perspectives: First person. this game screenshot shows a zombie shooter in a screenshot
muyxb9cljgsy245fcimx.jpg,Game has genres: Shooter; perspectives: First person. this game screenshot shows the game ' s main characters
nnlfbf8blflrlmuarfej.jpg,Game has genres: Shooter; perspectives: First person. this game screenshot shows a helicopter firing a helicopter
ga0lj5zqeqd7moyzxij9.jpg,Game has genres: Shooter; perspectives: First person. this game screenshot shows a crane in a construction site
scj0v9.jpg,"Game has genres: Tactical, Adventure; perspectives: Third person. this game screenshot shows the title for the title for the title for the title for the title for the title for the title"
scj0vg.jpg,"Game has genres: Tactical, Adventure; perspectives: Third person. this game screenshot shows the entrance to the room"
scj0vf.jpg,"Game has genres: Tactical, Adventure; perspectives: Third person. this game screenshot shows the level of the game"
scj0va.jpg,"Game has genres: Tactical, Adventure; perspectives: Third person. this game screenshot shows the game ' s main character"
scj0vb.jpg,"Game has genres: Tactical, Adventure; perspectives: Third person. this game screenshot shows the time of the day"
scj0vc.jpg,"Game has genres: Tactical, Adventure; perspectives: Third person. this game screenshot shows the game ' s main character"
scj0vd.jpg,"Game has genres: Tactical, Adventure; perspectives: Third person. this game screenshot shows a tank in the middle of the screen"
scj0ve.jpg,"Game has genres: Tactical, Adventure; perspectives: Third person. this game screenshot shows the first person in the game"
schnqk.jpg,"Game has genres: Role-playing (RPG), Turn-based strategy (TBS), Adventure; perspectives: Third person, Bird view / Isometric. this game screenshot shows the game ' s mains, including the mains, and the mains"
schnql.jpg,"Game has genres: Role-playing (RPG), Turn-based strategy (TBS), Adventure; perspectives: Third person, Bird view / Isometric. this game screenshot shows the first level of the game"
schmzc.jpg,"Game has genres: Role-playing (RPG), Turn-based strategy (TBS), Adventure; perspectives: Third person, Bird view / Isometric. this game screenshot shows the game ' s main character"
schmzd.jpg,"Game has genres: Role-playing (RPG), Turn-based strategy (TBS), Adventure; perspectives: Third person, Bird view / Isometric. this game screenshot shows the game ' s main characters, including the characters, and the characters"
schmze.jpg,"Game has genres: Role-playing (RPG), Turn-based strategy (TBS), Adventure; perspectives: Third person, Bird view / Isometric. this game screenshot shows the game ' s main characters"
schmzf.jpg,"Game has genres: Role-playing (RPG), Turn-based strategy (TBS), Adventure; perspectives: Third person, Bird view / Isometric. this game screenshot shows the game ' s main characters"
schmzi.jpg,"Game has genres: Role-playing (RPG), Turn-based strategy (TBS), Adventure; perspectives: Third person, Bird view / Isometric. this game screenshot shows a scene from the video game"
eswubyh9h3uereuyumjq.jpg,"Game has genres: Shooter, Racing, Adventure; perspectives: First person, Third person. this game screenshot shows the car in the game"
e11zpyhhjc9qdqgrx7v0.jpg,"Game has genres: Shooter, Racing, Adventure; perspectives: First person, Third person. this game screenshot shows the train and the driver"
hircn6ewsgu70ynlzis5.jpg,"Game has genres: Shooter, Racing, Adventure; perspectives: First person, Third person. this game screenshot shows the cars in the gtp"
sojdbdt93e06wojplpsj.jpg,"Game has genres: Shooter, Racing, Adventure; perspectives: First person, Third person. this game screenshot shows the car in the picture"
dbbtmdz0q1536npbpr5o.jpg,"Game has genres: Shooter, Racing, Adventure; perspectives: First person, Third person. this game screenshot shows a man with a gun"
scgoqe.jpg,"Game has genres: Shooter, Racing, Adventure; perspectives: First person, Third person. this game screenshot shows the character person in the game"
scgoqf.jpg,"Game has genres: Shooter, Racing, Adventure; perspectives: First person, Third person. this game screenshot shows the car in the forest"
scgoqg.jpg,"Game has genres: Shooter, Racing, Adventure; perspectives: First person, Third person. this game screenshot shows the car in the game"
scgoqh.jpg,"Game has genres: Shooter, Racing, Adventure; perspectives: First person, Third person. this game screenshot shows the character in gta"
scgoqi.jpg,"Game has genres: Shooter, Racing, Adventure; perspectives: First person, Third person. this game screenshot shows the car in the picture"
scgoqj.jpg,"Game has genres: Shooter, Racing, Adventure; perspectives: First person, Third person. this game screenshot shows a man on a skateboard"
scgoqk.jpg,"Game has genres: Shooter, Racing, Adventure; perspectives: First person, Third person. this game screenshot shows the truck in the game"
schmyk.jpg,"Game has genres: Role-playing (RPG), Turn-based strategy (TBS), Adventure; perspectives: Third person, Bird view / Isometric. this game screenshot shows the final fight of the two characters"
schmyl.jpg,"Game has genres: Role-playing (RPG), Turn-based strategy (TBS), Adventure; perspectives: Third person, Bird view / Isometric. this game screenshot shows the inside of a nuclear reactor"
schmym.jpg,"Game has genres: Role-playing (RPG), Turn-based strategy (TBS), Adventure; perspectives: Third person, Bird view / Isometric. this game screenshot shows the game ' s main characters"
schmyn.jpg,"Game has genres: Role-playing (RPG), Turn-based strategy (TBS), Adventure; perspectives: Third person, Bird view / Isometric. this game screenshot shows the first level of the game"
schmyo.jpg,"Game has genres: Role-playing (RPG), Turn-based strategy (TBS), Adventure; perspectives: Third person, Bird view / Isometric. this game screenshot shows the scene of a scene from the video game"
schmyp.jpg,"Game has genres: Role-playing (RPG), Turn-based strategy (TBS), Adventure; perspectives: Third person, Bird view / Isometric. this game screenshot shows a small island with a small island in the middle"
schmyq.jpg,"Game has genres: Role-playing (RPG), Turn-based strategy (TBS), Adventure; perspectives: Third person, Bird view / Isometric. this game screenshot shows the game ' s character"
tn5gpywrvya92wq1ang8.jpg,"Game has genres: Shooter, Role-playing (RPG); perspectives: First person. this game screenshot shows a person in a room with a green light"
kg9eb5wd5u5j9wtvafrw.jpg,"Game has genres: Shooter, Role-playing (RPG); perspectives: First person. this game screenshot shows a screenshot of a gun in a room"
gdanfmlxy57gzla4smbb.jpg,"Game has genres: Shooter, Role-playing (RPG); perspectives: First person. this game screenshot shows a female in a sci - themed space station"
g11vipidv1pmwqdqthvn.jpg,"Game has genres: Shooter, Role-playing (RPG); perspectives: First person. this game screenshot shows a room with a bed and a light"
svqo3ngaapyvcvjza7yx.jpg,"Game has genres: Shooter, Role-playing (RPG); perspectives: First person. this game screenshot shows the inside of the room"
sc5j8p.jpg,"Game has genres: Shooter, Role-playing (RPG); perspectives: First person. this game screenshot shows the interior of a star wars space station"
sc5j8q.jpg,"Game has genres: Shooter, Role-playing (RPG); perspectives: First person. this game screenshot shows the inside of a spaceship"
sc5j8r.jpg,"Game has genres: Shooter, Role-playing (RPG); perspectives: First person. this game screenshot shows the entrance to the tunnel"
sc5j8s.jpg,"Game has genres: Shooter, Role-playing (RPG); perspectives: First person. this game screenshot shows the main features of the game"
sc5j8t.jpg,"Game has genres: Shooter, Role-playing (RPG); perspectives: First person. this game screenshot shows the interior of the space station"
zkr9mepmjy8w233yhofd.jpg,"Game has genres: Puzzle, Adventure; perspectives: Third person. this game screenshot shows a bunch of toys"
h8fpphgv0fugoyrsdxbh.jpg,"Game has genres: Puzzle, Adventure; perspectives: Third person. this game screenshot shows a pile of garbage"
ke5sq1meg5pdhmcrec2d.jpg,"Game has genres: Puzzle, Adventure; perspectives: Third person. this game screenshot shows a screenshot of a city"
ksqanr5xcqrbzypne6s7.jpg,"Game has genres: Puzzle, Adventure; perspectives: Third person. this game screenshot shows the game ' s location"
wm6lxwuqwg5xvenr0n5q.jpg,"Game has genres: Puzzle, Adventure; perspectives: Third person. this game screenshot shows a small town with a windmill and a windmill"
sc96s3.jpg,"Game has genres: Shooter, Adventure; perspectives: Third person. this game screenshot shows a scene from resident evil dead in resident evil dead"
sc96s4.jpg,"Game has genres: Shooter, Adventure; perspectives: Third person. this game screenshot shows the final version of resident evil"
sc96s5.jpg,"Game has genres: Shooter, Adventure; perspectives: Third person. this game screenshot shows the game ' s main characters in a scene from the lord ' s apprentice"
sc96s6.jpg,"Game has genres: Shooter, Adventure; perspectives: Third person. this game screenshot shows a man with a gun and a woman with a gun"
sc96s7.jpg,"Game has genres: Shooter, Adventure; perspectives: Third person. this game screenshot shows a boat in the water"
sc96s8.jpg,"Game has genres: Shooter, Adventure; perspectives: Third person. this game screenshot shows the game ' s main characters"
bpyqlfhfbnhxf2jl5qao.jpg,"Game has genres: Shooter, Puzzle, Adventure; perspectives: First person. this game screenshot shows a helicopter firing a helicopter"
i8ey1ywk535qolfrwdf0.jpg,"Game has genres: Shooter, Puzzle, Adventure; perspectives: First person. this game screenshot shows a screenshot of a gun in a gun shop"
g9cvvoi9ftpdax4dmwdp.jpg,"Game has genres: Shooter, Puzzle, Adventure; perspectives: First person. this game screenshot shows the game ' s mains, including the fire and the fire"
rthkfaau3znzdzzhtftq.jpg,"Game has genres: Shooter, Puzzle, Adventure; perspectives: First person. this game screenshot shows the gun in action"
kxwmkaixbsuvyaeqana7.jpg,"Game has genres: Shooter, Puzzle, Adventure; perspectives: First person. this game screenshot shows the game ' s main character"
scva59.jpg,"Game has genres: Shooter, Puzzle, Adventure; perspectives: First person. this game screenshot shows a room with a large, green, metal object"
scva5a.jpg,"Game has genres: Shooter, Puzzle, Adventure; perspectives: First person. this game screenshot shows a room with a computer and a man sitting at a desk"
scva5b.jpg,"Game has genres: Shooter, Puzzle, Adventure; perspectives: First person. this game screenshot shows the inside of a building"
scva5c.jpg,"Game has genres: Shooter, Puzzle, Adventure; perspectives: First person. this game screenshot shows the inside of a room with a gun and a gun"
scva5d.jpg,"Game has genres: Shooter, Puzzle, Adventure; perspectives: First person. this game screenshot shows a room with a gun and a bullet"
scva5e.jpg,"Game has genres: Shooter, Puzzle, Adventure; perspectives: First person. this game screenshot shows a room with a gun and a machine gun"
scva5f.jpg,"Game has genres: Shooter, Puzzle, Adventure; perspectives: First person. this game screenshot shows a helicopter in flight"
fkl6jtwogmphqkudqguz.jpg,"Game has genres: Real Time Strategy (RTS), Strategy; perspectives: Bird view / Isometric. this game screenshot shows the game ' s main menu"
do7fzlkypmp22x37a5ks.jpg,"Game has genres: Real Time Strategy (RTS), Strategy; perspectives: Bird view / Isometric. this game screenshot shows the game ' s main characters"
z4oymgtypnhhp4lp0w06.jpg,"Game has genres: Real Time Strategy (RTS), Strategy; perspectives: Bird view / Isometric. this game screenshot shows the game ' s mains"
l6ezo1ovn3rdkweivu7o.jpg,"Game has genres: Real Time Strategy (RTS), Strategy; perspectives: Bird view / Isometric. this game screenshot shows the game ' s main features"
i1oynuvf858i7g9nw5vk.jpg,"Game has genres: Real Time Strategy (RTS), Strategy; perspectives: Bird view / Isometric. this game screenshot shows the game ' s main features"
sc9fxk.jpg,"Game has genres: Role-playing (RPG), Turn-based strategy (TBS); perspectives: Third person, Bird view / Isometric. this game screenshot shows the game ' s main character, a knight, and a castle"
sc9fxg.jpg,"Game has genres: Role-playing (RPG), Turn-based strategy (TBS); perspectives: Third person, Bird view / Isometric. this game screenshot shows the game ' s main menu"
sc9fxh.jpg,"Game has genres: Role-playing (RPG), Turn-based strategy (TBS); perspectives: Third person, Bird view / Isometric. this game screenshot shows the first level of the game"
sc9fxi.jpg,"Game has genres: Role-playing (RPG), Turn-based strategy (TBS); perspectives: Third person, Bird view / Isometric. this game screenshot shows the final battle of the gods"
sc9fxj.jpg,"Game has genres: Role-playing (RPG), Turn-based strategy (TBS); perspectives: Third person, Bird view / Isometric. this game screenshot shows the game ' s main menu"
sc9fxl.jpg,"Game has genres: Role-playing (RPG), Turn-based strategy (TBS); perspectives: Third person, Bird view / Isometric. this game screenshot shows the game ' s main menu"
sc9fxm.jpg,"Game has genres: Role-playing (RPG), Turn-based strategy (TBS); perspectives: Third person, Bird view / Isometric. this game screenshot shows the game ' s main character, the dragon"
sc9ge7.jpg,"Game has genres: Role-playing (RPG), Adventure; perspectives: Third person, Bird view / Isometric, Side view. this game screenshot shows the main character in the game"
sc9ge8.jpg,"Game has genres: Role-playing (RPG), Adventure; perspectives: Third person, Bird view / Isometric, Side view. this game screenshot shows the character in the game"
sc9ge9.jpg,"Game has genres: Role-playing (RPG), Adventure; perspectives: Third person, Bird view / Isometric, Side view. this game screenshot shows a person in a desert"
sc9gea.jpg,"Game has genres: Role-playing (RPG), Adventure; perspectives: Third person, Bird view / Isometric, Side view. this game screenshot shows the game ' s main characters"
sc9geb.jpg,"Game has genres: Role-playing (RPG), Adventure; perspectives: Third person, Bird view / Isometric, Side view. this game screenshot shows the character in the game"
sc9gec.jpg,"Game has genres: Role-playing (RPG), Adventure; perspectives: Third person, Bird view / Isometric, Side view. this game screenshot shows a chicken in flight"
sc9ged.jpg,"Game has genres: Role-playing (RPG), Adventure; perspectives: Third person, Bird view / Isometric, Side view. this game screenshot shows the main menu of the game"
sc9gee.jpg,"Game has genres: Role-playing (RPG), Adventure; perspectives: Third person, Bird view / Isometric, Side view. this game screenshot shows the main characters in the game"
scif7n.jpg,"Game has genres: Shooter, Adventure; perspectives: Third person. this game screenshot shows the game ' s main character, the zombie, in a scene from the video game"
scif7o.jpg,"Game has genres: Shooter, Adventure; perspectives: Third person. this game screenshot shows the final version of final fantasy"
scif7p.jpg,"Game has genres: Shooter, Adventure; perspectives: Third person. this game screenshot shows a young girl aiming a gun"
scif7q.jpg,"Game has genres: Shooter, Adventure; perspectives: Third person. this game screenshot shows a person in a hallway"
scif7r.jpg,"Game has genres: Shooter, Adventure; perspectives: Third person. this game screenshot shows the final boss fight"
yl0nzc7itjnc6oyawagp.jpg,"Game has genres: Shooter, Racing, Adventure, Arcade; perspectives: Third person. this game screenshot shows the boat that is going through the water"
tfcu496z7nwgnkbqfvrv.jpg,"Game has genres: Shooter, Racing, Adventure, Arcade; perspectives: Third person. this game screenshot shows the character in the game"
cqiwbbgjhersmqru7339.jpg,"Game has genres: Shooter, Racing, Adventure, Arcade; perspectives: Third person. this game screenshot shows the character in the game"
ilxqfgiaxygal1srqnfz.jpg,"Game has genres: Shooter, Racing, Adventure, Arcade; perspectives: Third person. this game screenshot shows the car in the picture"
txxrbak4yycdogvvjwtb.jpg,"Game has genres: Shooter, Racing, Adventure, Arcade; perspectives: Third person. this game screenshot shows the car in the video game"
sc83c5.jpg,"Game has genres: Shooter, Simulator, Adventure; perspectives: First person. this game screenshot shows a man in a black suit walking in the dark"
puvydf5d6v0zirxfhzpg.jpg,"Game has genres: Shooter, Simulator, Adventure; perspectives: First person. this game screenshot shows the entrance to the house"
z0b9mqcqbtmnnxigekjc.jpg,"Game has genres: Shooter, Simulator, Adventure; perspectives: First person. this game screenshot shows the game ' s name"
h4eotdbgoo30v40jtus0.jpg,"Game has genres: Shooter, Simulator, Adventure; perspectives: First person. this game screenshot shows the location of the cave"
yf2hsfdd4fe9ev6wmpye.jpg,"Game has genres: Shooter, Simulator, Adventure; perspectives: First person. this game screenshot shows the interior of the house"
ja4t61c1ndvtzufbdrf4.jpg,"Game has genres: Shooter, Simulator, Adventure; perspectives: First person. this game screenshot shows the room where the person is hiding"
sc83c6.jpg,"Game has genres: Shooter, Simulator, Adventure; perspectives: First person. this game screenshot shows the character in the game"
sc83c7.jpg,"Game has genres: Shooter, Simulator, Adventure; perspectives: First person. this game screenshot shows a room with a piano"
sc83c4.jpg,"Game has genres: Shooter, Simulator, Adventure; perspectives: First person. this game screenshot shows the dark side of the room"
sc83c8.jpg,"Game has genres: Shooter, Simulator, Adventure; perspectives: First person. this game screenshot shows you how to get a gun in the game"
wzniaai3xwf7ake428sp.jpg,"Game has genres: Shooter, Role-playing (RPG), Adventure; perspectives: First person. this game screenshot shows the scene of the game"
vlacs93unhsemy6veood.jpg,"Game has genres: Shooter, Role-playing (RPG), Adventure; perspectives: First person. this game screenshot shows the game ' s main weapon"
qfb0xlyqyxebw0l4rybe.jpg,"Game has genres: Shooter, Role-playing (RPG), Adventure; perspectives: First person. this game screenshot shows the game ' s main menu"
morlllgbauqdlpa6lti5.jpg,"Game has genres: Shooter, Role-playing (RPG), Adventure; perspectives: First person. this game screenshot shows the city in the background"
fh3xrdrl6obrnompl8b2.jpg,"Game has genres: Shooter, Role-playing (RPG), Adventure; perspectives: First person. this game screenshot shows the game ' s main features"
kjbwbdqemykovdzgidhu.jpg,"Game has genres: Shooter, Puzzle, Role-playing (RPG), Adventure; perspectives: First person. this game screenshot shows the shadow of the person in the dark souls of the dead"
unvhwxrfzpjys4txfv4a.jpg,"Game has genres: Shooter, Puzzle, Role-playing (RPG), Adventure; perspectives: First person. this game screenshot shows the game ' s main characters"
yg3j0yco50gq3wfcxujb.jpg,"Game has genres: Shooter, Puzzle, Role-playing (RPG), Adventure; perspectives: First person. this game screenshot shows the first person in the game, the human, with a hand reaching a human"
wworjqefsfzc9ouvrpxd.jpg,"Game has genres: Shooter, Puzzle, Role-playing (RPG), Adventure; perspectives: First person. this game screenshot shows the character in the game"
usn4aw2k54ym8jcjbkmg.jpg,"Game has genres: Shooter, Puzzle, Role-playing (RPG), Adventure; perspectives: First person. this game screenshot shows a scene from the video game"
zzd1rj1nvidcf2c1kxfi.jpg,"Game has genres: Simulator, Adventure; perspectives: First person. this game screenshot shows a zombie in a dungeon"
toutvbhdj0ll88wt9jjf.jpg,"Game has genres: Simulator, Adventure; perspectives: First person. this game screenshot shows the game ' s main menu"
e9hwdhnl6fbpne1thiu2.jpg,"Game has genres: Simulator, Adventure; perspectives: First person. this game screenshot shows the entrance to the dungeon"
wisqqkvrtl93vfocx6wn.jpg,"Game has genres: Simulator, Adventure; perspectives: First person. this game screenshot shows you how to play the game"
ejqhijtsgahc2bru0tn8.jpg,"Game has genres: Simulator, Adventure; perspectives: First person. this game screenshot shows the entrance to the church"
x7pzfljardlljvtqcgv4.jpg,"Game has genres: Shooter, Platform, Puzzle; perspectives: First person. this game screenshot shows a room with a toilet and a toilet bowl"
co2mtfe04a5iclqoo11c.jpg,"Game has genres: Shooter, Platform, Puzzle; perspectives: First person. this game screenshot shows a room with a blue ring in the middle"
hod8sle7imoqjh1zb7nj.jpg,"Game has genres: Shooter, Platform, Puzzle; perspectives: First person. this game screenshot shows a screenshote in a room with a blue flame"
oycbiasvmiewjxncqlgd.jpg,"Game has genres: Shooter, Platform, Puzzle; perspectives: First person. this game screenshot shows you how to get into the room"
gdgj7p0vo52jpwoxtm3v.jpg,"Game has genres: Shooter, Platform, Puzzle; perspectives: First person. this game screenshot shows a room with a computer and a camera"
r3uwmc94irofukfk6odw.jpg,"Game has genres: Shooter, Role-playing (RPG); perspectives: Third person. this game screenshot shows the crew of the ship"
hatacbd1inqmu5cavj7z.jpg,"Game has genres: Shooter, Role-playing (RPG); perspectives: Third person. this game screenshot shows the first person in the game"
feadbwfkxgfbuy7ohnu5.jpg,"Game has genres: Shooter, Role-playing (RPG); perspectives: Third person. this game screenshot shows a woman in a red dress standing in a river"
mcoa62ivpynxt9jnx3ys.jpg,"Game has genres: Shooter, Role-playing (RPG); perspectives: Third person. this game screenshot shows a female character in a green dress"
onndes2gzmquz0e8rpli.jpg,"Game has genres: Shooter, Role-playing (RPG); perspectives: Third person. this game screenshot shows the first person in the game"
scjh59.jpg,"Game has genres: Role-playing (RPG); perspectives: Third person, Bird view / Isometric. this game screenshot shows a scene from the video game"
scjh55.jpg,"Game has genres: Role-playing (RPG); perspectives: Third person, Bird view / Isometric. this game screenshot shows a female character in a dark environment"
scjh56.jpg,"Game has genres: Role-playing (RPG); perspectives: Third person, Bird view / Isometric. this game screenshot shows the game ' s main character, person, in a different way"
scjh57.jpg,"Game has genres: Role-playing (RPG); perspectives: Third person, Bird view / Isometric. this game screenshot shows the main characters in the game"
scjh58.jpg,"Game has genres: Role-playing (RPG); perspectives: Third person, Bird view / Isometric. this game screenshot shows you how to use the menu in the game"
scjh5a.jpg,"Game has genres: Role-playing (RPG); perspectives: Third person, Bird view / Isometric. this game screenshot shows you how to use the fire in the game"
hj1lsmfhxysduatojr60.jpg,"Game has genres: Shooter, Puzzle; perspectives: Third person. this game screenshot shows the inside of a room with a bloody floor"
fdpzkez7ve4ukv28aqcu.jpg,"Game has genres: Shooter, Puzzle; perspectives: Third person. this game screenshot shows a zombie in a city"
nxy7aqbsf76p6tx81675.jpg,"Game has genres: Shooter, Puzzle; perspectives: Third person. this game screenshot shows a scene from the video game, the last of the series"
oxev4x5svixjrn8mngvm.jpg,"Game has genres: Shooter, Puzzle; perspectives: Third person. this game screenshot shows the inside of a spaceship"
ulkxjyhfhtiupjn3ix45.jpg,"Game has genres: Shooter, Puzzle; perspectives: Third person. this game screenshot shows a scene from the video game resident"
sc8jpd.jpg,"Game has genres: Racing, Simulator; perspectives: First person, Third person, Side view. this game screenshot shows the car that is going to be built"
sc8jpe.jpg,"Game has genres: Racing, Simulator; perspectives: First person, Third person, Side view. this game screenshot shows the car racing"
sc8jpf.jpg,"Game has genres: Racing, Simulator; perspectives: First person, Third person, Side view. this game screenshot shows the car selection in the game"
sc8jpg.jpg,"Game has genres: Racing, Simulator; perspectives: First person, Third person, Side view. this game screenshot shows the driver ' s view of the road"
sc7ssk.jpg,"Game has genres: Racing, Simulator; perspectives: First person, Third person, Side view. this game screenshot shows the real racing car racing"
h9veheuzixnprnagwoiq.jpg,"Game has genres: Racing, Simulator; perspectives: First person, Third person, Side view. this game screenshot shows the speed of a car"
ridg08qfrxguizrxowca.jpg,"Game has genres: Racing, Simulator; perspectives: First person, Third person, Side view. this game screenshot shows the car racing"
uh5iexdxxrftkyxqwgvs.jpg,"Game has genres: Racing, Simulator; perspectives: First person, Third person, Side view. this game screenshot shows the car racing in the video game"
sc7ssi.jpg,"Game has genres: Racing, Simulator; perspectives: First person, Third person, Side view. this game screenshot shows the car of the future"
sc7ssh.jpg,"Game has genres: Racing, Simulator; perspectives: First person, Third person, Side view. this game screenshot shows the car in the video"
sc7ssg.jpg,"Game has genres: Racing, Simulator; perspectives: First person, Third person, Side view. this game screenshot shows the car racing in the game"
sc7ssj.jpg,"Game has genres: Racing, Simulator; perspectives: First person, Third person, Side view. this game screenshot shows the car racing"
ctdzxmrkdil0nbiqasyi.jpg,"Game has genres: Hack and slash/Beat 'em up, Adventure; perspectives: Third person. this game screenshot shows a man hanging from a building"
wnyyjtde0ukieq8bbg2b.jpg,"Game has genres: Hack and slash/Beat 'em up, Adventure; perspectives: Third person. this game screenshot shows the batman vs banes"
qrsf7hfmlwb4iscrq5xi.jpg,"Game has genres: Hack and slash/Beat 'em up, Adventure; perspectives: Third person. this game screenshot shows the batman vs superman"
lfvtl3zmalcapqvexxta.jpg,"Game has genres: Hack and slash/Beat 'em up, Adventure; perspectives: Third person. this game screenshot shows the game ' s main characters in a fight scene"
k6pmzhxdngxvrykjffvu.jpg,"Game has genres: Hack and slash/Beat 'em up, Adventure; perspectives: Third person. this game screenshot shows batman vs bane"
oa1aojyglfomtmei2bnz.jpg,"Game has genres: Role-playing (RPG), Adventure; perspectives: First person, Third person. this game screenshot shows a scene from the elder ' s house"
cz294woh56zofabgwrg0.jpg,"Game has genres: Role-playing (RPG), Adventure; perspectives: First person, Third person. this game screenshot shows a fire in the sky"
arcaumaxvrddgkqf3grj.jpg,"Game has genres: Role-playing (RPG), Adventure; perspectives: First person, Third person. this game screenshot shows the location of the main building in the game"
w3hqunm26ty87e87lxla.jpg,"Game has genres: Role-playing (RPG), Adventure; perspectives: First person, Third person. this game screenshot shows a group of creatures in a field of mushrooms"
paf7hbj7usmzttg66gzu.jpg,"Game has genres: Role-playing (RPG), Adventure; perspectives: First person, Third person. this game screenshot shows the armor of the person"
sc92sp.jpg,"Game has genres: Role-playing (RPG), Adventure; perspectives: First person, Third person. this game screenshot shows a sunset in the sky"
sc92sq.jpg,"Game has genres: Role-playing (RPG), Adventure; perspectives: First person, Third person. this game screenshot shows a screenshote in the middle earth"
sc92sr.jpg,"Game has genres: Role-playing (RPG), Adventure; perspectives: First person, Third person. this game screenshot shows the first person in the game, a soldier in the background"
sc92ss.jpg,"Game has genres: Role-playing (RPG), Adventure; perspectives: First person, Third person. this game screenshot shows a screenshote in the game"
sc92st.jpg,"Game has genres: Role-playing (RPG), Adventure; perspectives: First person, Third person. this game screenshot shows the world of warcraft"
sc92su.jpg,"Game has genres: Role-playing (RPG), Adventure; perspectives: First person, Third person. this game screenshot shows a bridge in the middle of the game"
sc92sv.jpg,"Game has genres: Role-playing (RPG), Adventure; perspectives: First person, Third person. this game screenshot shows the world of war"
ziif4tmanig4cbkws2g3.jpg,"Game has genres: Real Time Strategy (RTS), Strategy; perspectives: Bird view / Isometric. this game screenshot shows a scene from the game"
spzerwnrod4fkwgafk3p.jpg,"Game has genres: Real Time Strategy (RTS), Strategy; perspectives: Bird view / Isometric. this game screenshot shows a view of the destruction of the city"
wokthmguvmedphgpfmm7.jpg,"Game has genres: Real Time Strategy (RTS), Strategy; perspectives: Bird view / Isometric. this game screenshot shows a tank in the middle of the street"
togcyizpo2enikuf9c8e.jpg,"Game has genres: Real Time Strategy (RTS), Strategy; perspectives: Bird view / Isometric. this game screenshot shows a tank in the middle of a street"
lwwuuo0nahyz2hlhiwkq.jpg,"Game has genres: Real Time Strategy (RTS), Strategy; perspectives: Bird view / Isometric. this game screenshot shows the main features of the game"
qttvqxkniqtxskdo5yoz.jpg,"Game has genres: Simulator, Strategy, Turn-based strategy (TBS); perspectives: Bird view / Isometric. this game screenshot shows the map of the city of rome"
yr5j9cryb2e0jegppdcd.jpg,"Game has genres: Simulator, Strategy, Turn-based strategy (TBS); perspectives: Bird view / Isometric. this game screenshot shows the map of the game"
p1smrrigauo4tv5rxazv.jpg,"Game has genres: Simulator, Strategy, Turn-based strategy (TBS); perspectives: Bird view / Isometric. this game screenshot shows the game ' s title"
b6z5oktusu6m7dsisqma.jpg,"Game has genres: Simulator, Strategy, Turn-based strategy (TBS); perspectives: Bird view / Isometric. this game screenshot shows a city with a lot of buildings and a lot of buildings"
kuhmpezrhqjftzsplh8l.jpg,"Game has genres: Simulator, Strategy, Turn-based strategy (TBS); perspectives: Bird view / Isometric. this game screenshot shows the map of the world"
lcggpti75aj21kw1ll1q.jpg,"Game has genres: Role-playing (RPG), Adventure; perspectives: First person, Third person. this game screenshot shows a room with a fireplace and a table"
ukzlpfeslbpypww0ptic.jpg,"Game has genres: Role-playing (RPG), Adventure; perspectives: First person, Third person. this game screenshot shows the church of the holy cross"
qkxismtaqjwpkcxr3ip0.jpg,"Game has genres: Role-playing (RPG), Adventure; perspectives: First person, Third person. this game screenshot shows a knight on horseback"
uewfvvefkvqcgintaku7.jpg,"Game has genres: Role-playing (RPG), Adventure; perspectives: First person, Third person. this game screenshot shows a cave in the game"
cg7od52ithliykhezsjo.jpg,"Game has genres: Role-playing (RPG), Adventure; perspectives: First person, Third person. this game screenshot shows a forest with a lot of trees"
sctkqh.jpg,"Game has genres: Role-playing (RPG), Adventure; perspectives: First person, Third person. this game screenshot shows the location of the tomb in the basement"
scu5l1.jpg,"Game has genres: Role-playing (RPG), Adventure; perspectives: First person, Third person. this game screenshot shows a gun in the fore"
gnypujvy9ormuhicjrgl.jpg,"Game has genres: Adventure; perspectives: First person, Third person. this game screenshot shows a girl in a mirror"
qbd2gkmt90zsva6yhcww.jpg,"Game has genres: Adventure; perspectives: First person, Third person. this game screenshot shows a woman walking through a prison cell"
jrjdorgq1lywptwsdtrv.jpg,"Game has genres: Adventure; perspectives: First person, Third person. this game screenshot shows a girl and a boy in a circle of fireflies"
n4ddvtrevsgqsc1wmmqo.jpg,"Game has genres: Adventure; perspectives: First person, Third person. this game screenshot shows a girl walking through a dark forest"
sc5j9h.jpg,"Game has genres: Adventure; perspectives: First person, Third person. this game screenshot shows a creepy scene in the basement of a house"
sc5j9j.jpg,"Game has genres: Adventure; perspectives: First person, Third person. this game screenshot shows a person in a dark room"
sc5j9i.jpg,"Game has genres: Adventure; perspectives: First person, Third person. this game screenshot shows a ghost in a dark room"
sc5j9k.jpg,"Game has genres: Adventure; perspectives: First person, Third person. this game screenshot shows the scene of the two girls walking in the dark woods"
y8ogspafaeoj3idr1m2m.jpg,"Game has genres: Racing; perspectives: First person, Third person. this game screenshot shows a woman in a classroom"
fs1wsb78w9kn6ovbtnjy.jpg,"Game has genres: Racing; perspectives: First person, Third person. this game screenshot shows the car driving in the game"
hk4bruco13wfu1nnwovu.jpg,"Game has genres: Racing; perspectives: First person, Third person. this game screenshot shows the car driving in the middle of the road"
dtlqztoznyrxbvaj8u0a.jpg,"Game has genres: Racing; perspectives: First person, Third person. this game screenshot shows the car driving in the game"
w23yfsxxkcc078yrpl1e.jpg,"Game has genres: Racing; perspectives: First person, Third person. this game screenshot shows the car driving simulator"
rnwhhebhp5wcxca3yfch.jpg,"Game has genres: Racing; perspectives: First person, Third person. this game screenshot shows a car driving on a road"
zztwsl2znsv7kay6nfe4.jpg,"Game has genres: Racing; perspectives: First person, Third person. this game screenshot shows a girl in a white dress standing in a garage"
q7ntopdwhhxngv7fc1jp.jpg,"Game has genres: Racing; perspectives: First person, Third person. this game screenshot shows a girl with long hair"
dkgfbtdjubjecjijtfb5.jpg,"Game has genres: Racing; perspectives: First person, Third person. this game screenshot shows a woman in a blue dress"
d4i6hkjjvw25hsffjxqz.jpg,"Game has genres: Racing; perspectives: First person, Third person. this game screenshot shows a woman in a blue tank top"
zar9cnupwhjh8qfypxbe.jpg,"Game has genres: Shooter, Simulator; perspectives: First person. this game screenshot shows the terrain in the game"
k8vtofhy4wxx1128z4rq.jpg,"Game has genres: Shooter, Simulator; perspectives: First person. this game screenshot shows a room with a large room with a large room with a large room with a large room with a"
r7mefu40043mgglor3jc.jpg,"Game has genres: Shooter, Simulator; perspectives: First person. this game screenshot shows a soldier shooting a gun"
q5pt64ftgqf8f2wmb9rd.jpg,"Game has genres: Shooter, Simulator; perspectives: First person. this game screenshot shows a scene from the game"
lt8wq0h2xqkjxwmt8djk.jpg,"Game has genres: Shooter, Simulator; perspectives: First person. this game screenshot shows a green laser in the middle of the screen"
ppkhu9pegv8hoabn9y6j.jpg,Game has genres: Shooter; perspectives: First person. this game screenshot shows a soldier firing a gun
b17my1yma83aotndxzmt.jpg,Game has genres: Shooter; perspectives: First person. this game screenshot shows the first look at the new halo mode
fvacs3rdihmf3khuyalg.jpg,Game has genres: Shooter; perspectives: First person. this game screenshot shows the new halo in halo 2
ywej5ml7zsj7w5kyezyb.jpg,Game has genres: Shooter; perspectives: First person. this game screenshot shows a soldier in a uniform with a large head
r1kykziqlujrd5lfv4yu.jpg,Game has genres: Shooter; perspectives: First person. this game screenshot shows a gun in the fore - fire mode
sccq8r.jpg,Game has genres: Shooter; perspectives: First person. this game screenshot shows a mech in a space station
sccq8s.jpg,Game has genres: Shooter; perspectives: First person. this game screenshot shows the action of the robot in the game
sccq8t.jpg,Game has genres: Shooter; perspectives: First person. this game screenshot shows the first person in the game
sccq8u.jpg,"Game has genres: Shooter; perspectives: First person. this game screenshot shows the game ' s main characters, including the two main characters, and the two main characters"
sccq8v.jpg,Game has genres: Shooter; perspectives: First person. this game screenshot shows the game ' s main features
sccq8w.jpg,Game has genres: Shooter; perspectives: First person. this game screenshot shows a robot in a futuristic city
sccqbf.jpg,"Game has genres: Shooter; perspectives: First person. this game screenshot shows the game ' s main character, person, in a pink suit"
azc4afiufxszg4dcgdo6.jpg,"Game has genres: Shooter; perspectives: First person, Third person. this game screenshot shows the first look at the new halo"
exkvyg7tunws33xpqv9i.jpg,"Game has genres: Shooter; perspectives: First person, Third person. this game screenshot shows the battle in the game"
ypa0eo6w0nouqaibnwdl.jpg,"Game has genres: Shooter; perspectives: First person, Third person. this game screenshot shows the first look at the halo"
rimcyjzsezjx0f6swttl.jpg,"Game has genres: Shooter; perspectives: First person, Third person. this game screenshot shows a scene from the video game"
eijng8zvsqwpsggrbz5j.jpg,"Game has genres: Shooter; perspectives: First person, Third person. this game screenshot shows the concept art of the future city"
qhiqlmwvvuaqxxn4cxlr.jpg,"Game has genres: Role-playing (RPG), Adventure; perspectives: Third person. this game screenshot shows the game ' s main characters, including the dragon, the dragon, and the knight"
jxrygijnsvlyv0nu03mg.jpg,"Game has genres: Role-playing (RPG), Adventure; perspectives: Third person. this game screenshot shows a snowy scene"
d2khfd34vxngas71dgci.jpg,"Game has genres: Role-playing (RPG), Adventure; perspectives: Third person. this game screenshot shows a lot of the characters in the game"
kqkixazzsokqgoxmuish.jpg,"Game has genres: Role-playing (RPG), Adventure; perspectives: Third person. this game screenshot shows a group of knights in a snowy scene"
jkx0hgiitlarrhewounf.jpg,"Game has genres: Role-playing (RPG), Adventure; perspectives: Third person. this game screenshot shows a horse and a man riding a horse"
sccqj5.jpg,"Game has genres: Role-playing (RPG), Adventure; perspectives: Third person. this game screenshot shows the world of warcraft ' s new game"
sccqj6.jpg,"Game has genres: Role-playing (RPG), Adventure; perspectives: Third person. this game screenshot shows the path to the top level"
sccqj7.jpg,"Game has genres: Role-playing (RPG), Adventure; perspectives: Third person. this game screenshot shows a path through a forest"
sccqj8.jpg,"Game has genres: Role-playing (RPG), Adventure; perspectives: Third person. this game screenshot shows a scene from the movie ' s avatar"
sc89pv.jpg,"Game has genres: Puzzle, Adventure; perspectives: Third person. this game screenshot shows the dark room in the basement"
sc89pu.jpg,"Game has genres: Puzzle, Adventure; perspectives: Third person. this game screenshot shows a room in the house"
sc89pt.jpg,"Game has genres: Puzzle, Adventure; perspectives: Third person. this game screenshot shows a dark alley with a man walking down the stairs"
sc89pr.jpg,"Game has genres: Puzzle, Adventure; perspectives: Third person. this game screenshot shows a man standing in a cage"
sc89ps.jpg,"Game has genres: Puzzle, Adventure; perspectives: Third person. this game screenshot shows you how to get a knife in the dark"
sc89pw.jpg,"Game has genres: Puzzle, Adventure; perspectives: Third person. this game screenshot shows a person walking down a dark hallway"
sc89pz.jpg,"Game has genres: Puzzle, Adventure; perspectives: Third person. this game screenshot shows the way to the person who is walking down the stairs"
sc89py.jpg,"Game has genres: Puzzle, Adventure; perspectives: Third person. this game screenshot shows a dark, bloody, and spooky scene"
sc89px.jpg,"Game has genres: Puzzle, Adventure; perspectives: Third person. this game screenshot shows a man in a room with a gun"
ahzfeu5f0xwtshma0lt8.jpg,"Game has genres: Puzzle, Hack and slash/Beat 'em up, Adventure; perspectives: Third person. this game screenshot shows the main character in the game"
rewytwkukyvkcs6mlzsq.jpg,"Game has genres: Puzzle, Hack and slash/Beat 'em up, Adventure; perspectives: Third person. this game screenshot shows the first boss in the game"
j11tguq3dy5fqmpsipsp.jpg,"Game has genres: Puzzle, Hack and slash/Beat 'em up, Adventure; perspectives: Third person. this game screenshot shows the first person in the game"
scibe2.jpg,"Game has genres: Shooter, Adventure; perspectives: Third person. this game screenshot shows the scene of a fire in a street in the city"
scibe3.jpg,"Game has genres: Shooter, Adventure; perspectives: Third person. this game screenshot shows the first level of the game"
scibe4.jpg,"Game has genres: Shooter, Adventure; perspectives: Third person. this game screenshot shows a room with a table and a couch"
scibe5.jpg,"Game has genres: Shooter, Adventure; perspectives: Third person. this game screenshot shows a person in a room with a tiger"
scibe6.jpg,"Game has genres: Shooter, Adventure; perspectives: Third person. this game screenshot shows a tunnel in the middle of the game"
scibe7.jpg,"Game has genres: Shooter, Adventure; perspectives: Third person. this game screenshot shows the game ' s main characters"
scibei.jpg,"Game has genres: Shooter, Adventure; perspectives: Third person. this game screenshot shows a zombie in a basement"
scibej.jpg,"Game has genres: Shooter, Adventure; perspectives: Third person. this game screenshot shows a scene from the video game"
scibek.jpg,"Game has genres: Shooter, Adventure; perspectives: Third person. this game screenshot shows a scene from the horror film"
scibel.jpg,"Game has genres: Shooter, Adventure; perspectives: Third person. this game screenshot shows the scene of the game"
scibem.jpg,"Game has genres: Shooter, Adventure; perspectives: Third person. this game screenshot shows the scene of a man in a city"
sciben.jpg,"Game has genres: Shooter, Adventure; perspectives: Third person. this game screenshot shows the character in the game"
belgt59onk6hro6et0ji.jpg,"Game has genres: Shooter, Role-playing (RPG); perspectives: First person, Third person. this game screenshot shows the game ' s main characters, including the zombie, and the zombie"
j6vczdq7svdvttebwykb.jpg,"Game has genres: Shooter, Role-playing (RPG); perspectives: First person, Third person. this game screenshot shows a fire in the middle of the room"
opjyvwt6eysdgpwbfsmt.jpg,"Game has genres: Shooter, Role-playing (RPG); perspectives: First person, Third person. this game screenshot shows the game ' s main characters"
nfky0otqolphaqwu72ad.jpg,"Game has genres: Shooter, Role-playing (RPG); perspectives: First person, Third person. this game screenshot shows the armor of the fallen"
u5ohhrd1rhgjsmtfazh1.jpg,"Game has genres: Shooter, Role-playing (RPG); perspectives: First person, Third person. this game screenshot shows the best of the best in the game"
syifc6ldigzz0fabhaz5.jpg,"Game has genres: Shooter; perspectives: First person, Third person. this game screenshot shows the game ' s main features"
uapof8nyj3myiglj3ktf.jpg,"Game has genres: Shooter; perspectives: First person, Third person. this game screenshot shows the main character in the game"
nwh2kytzcuvyjqbvltdj.jpg,"Game has genres: Shooter; perspectives: First person, Third person. this game screenshot shows a man in a suit and a man in a suit"
sblvoeyd8wybwqh7kvfx.jpg,"Game has genres: Shooter; perspectives: First person, Third person. this game screenshot shows you how to get a pool"
ysiptmvxtdihfzbicnea.jpg,"Game has genres: Shooter; perspectives: First person, Third person. this game screenshot shows you how to get a job in the game"
sc87am.jpg,"Game has genres: Racing; perspectives: First person, Third person. this game screenshot shows the car racing game"
scsofd.jpg,"Game has genres: Racing; perspectives: First person, Third person. this game screenshot shows the car in the game"
scsofe.jpg,"Game has genres: Racing; perspectives: First person, Third person. this game screenshot shows the car in the video game"
scsoff.jpg,"Game has genres: Racing; perspectives: First person, Third person. this game screenshot shows the car racing game"
yyl7tkgia6nktpurwf0x.jpg,"Game has genres: Real Time Strategy (RTS), Simulator, Strategy, Turn-based strategy (TBS), Tactical; perspectives: Bird view / Isometric. this game screenshot shows the elephants in the game"
qo6ouyown1s5lvh8kwmg.jpg,"Game has genres: Real Time Strategy (RTS), Simulator, Strategy, Turn-based strategy (TBS), Tactical; perspectives: Bird view / Isometric. this game screenshot shows the battle scene of the roman army"
ohmkq4wnvc4itp93fe4f.jpg,"Game has genres: Real Time Strategy (RTS), Simulator, Strategy, Turn-based strategy (TBS), Tactical; perspectives: Bird view / Isometric. this game screenshot shows the battle scene of the roman army"
ljkraib86a9t5w7vzw5h.jpg,"Game has genres: Real Time Strategy (RTS), Simulator, Strategy, Turn-based strategy (TBS), Tactical; perspectives: Bird view / Isometric. this game screenshot shows a group of knights in full armor"
tm4yardv53tbpq5erhib.jpg,"Game has genres: Real Time Strategy (RTS), Simulator, Strategy, Turn-based strategy (TBS), Tactical; perspectives: Bird view / Isometric. this game screenshot shows the battle scene of the roman empire"
qzgxs5t8zw40o2m290li.jpg,"Game has genres: Role-playing (RPG), Adventure; perspectives: Third person, Bird view / Isometric. this game screenshot shows the game ' s main characters, including the female and male characters"
qwrg0zmgl3hue6zs8bbb.jpg,"Game has genres: Role-playing (RPG), Adventure; perspectives: Third person, Bird view / Isometric. this game screenshot shows the game ' s main characters"
jquhmu9izv8i2zf3tb8l.jpg,"Game has genres: Role-playing (RPG), Adventure; perspectives: Third person, Bird view / Isometric. this game screenshot shows the scene of the lord in the middle - earth"
jhc0fbq7v6xnwqs9c4pm.jpg,"Game has genres: Role-playing (RPG), Adventure; perspectives: Third person, Bird view / Isometric. this game screenshot shows the game ' s main characters in a battle"
ekchkvznt1pkre0cvbpl.jpg,"Game has genres: Role-playing (RPG), Adventure; perspectives: Third person, Bird view / Isometric. this game screenshot shows the game ' s main characters, including the witch and the witch"
dupcvfbrc7ermbgqqxlm.jpg,"Game has genres: Platform, Puzzle, Adventure; perspectives: Third person. this game screenshot shows the fight scene in the video game"
u6rauppfnoluduuqjgwy.jpg,"Game has genres: Platform, Puzzle, Adventure; perspectives: Third person. this game screenshot shows the game ' s main characters"
j9d2pk3hffc1rhb1xj17.jpg,"Game has genres: Platform, Puzzle, Adventure; perspectives: Third person. this game screenshot shows the game ' s main characters"
gzl9to1j0xzo2eq6nvek.jpg,"Game has genres: Platform, Puzzle, Adventure; perspectives: Third person. this game screenshot shows the interior of the palace"
cmqqfjoxeu9qtyzjxbli.jpg,"Game has genres: Platform, Puzzle, Adventure; perspectives: Third person. this game screenshot shows a person climbing a metal railing in a building"
ggvkkgfccrlcgoduwnpc.jpg,"Game has genres: Shooter, Simulator, Adventure; perspectives: First person, Third person. this game screenshot shows a person in a room with a bed"
ynrqiomcxtdigktqlnpd.jpg,"Game has genres: Shooter, Simulator, Adventure; perspectives: First person, Third person. this game screenshot shows the way to the game"
ccvyu2a3t0ehowio0kcs.jpg,"Game has genres: Shooter, Simulator, Adventure; perspectives: First person, Third person. this game screenshot shows the interior of the house"
pcdj2kkzs7ydwrxtgszs.jpg,"Game has genres: Shooter, Simulator, Adventure; perspectives: First person, Third person. this game screenshot shows a man in a room with a gun"
z8gvh3ozti5ct86ckhzo.jpg,"Game has genres: Shooter, Simulator, Adventure; perspectives: First person, Third person. this game screenshot shows a medieval castle"
sc9fd0.jpg,"Game has genres: Role-playing (RPG), Adventure; perspectives: Third person, Bird view / Isometric. this game screenshot shows a room with a computer and a man in a suit"
sc9fd5.jpg,"Game has genres: Role-playing (RPG), Adventure; perspectives: Third person, Bird view / Isometric. this game screenshot shows the path to the island"
sc9fd1.jpg,"Game has genres: Role-playing (RPG), Adventure; perspectives: Third person, Bird view / Isometric. this game screenshot shows the final battle of the last dragon"
sc9fd2.jpg,"Game has genres: Role-playing (RPG), Adventure; perspectives: Third person, Bird view / Isometric. this game screenshot shows the first level of the game"
sc9fd3.jpg,"Game has genres: Role-playing (RPG), Adventure; perspectives: Third person, Bird view / Isometric. this game screenshot shows a scene from the video game"
sc9fd4.jpg,"Game has genres: Role-playing (RPG), Adventure; perspectives: Third person, Bird view / Isometric. this game screenshot shows a person in a vest and vest, with a sign that says ` ` ` ` ` ` `"
hklcrbypjwduceigroik.jpg,Game has genres: Sport; perspectives: Third person. this game screenshot shows the game ' s main features
c0gwynkji2mcuvz410g8.jpg,Game has genres: Sport; perspectives: Third person. this game screenshot shows a skateboarding in the game
lrtfkqbptlydnkfvmwmg.jpg,Game has genres: Sport; perspectives: Third person. this game screenshot shows the skate park
luqw5zzljwgxdaznimog.jpg,Game has genres: Sport; perspectives: Third person. this game screenshot shows a man standing in a mall
gutc9vsstkxumzkmw3jj.jpg,Game has genres: Sport; perspectives: Third person. this game screenshot shows a skateboarder in a skatepark
jfcrdcguoxfuldo5blr3.jpg,"Game has genres: Shooter, Puzzle, Adventure; perspectives: Third person. this game screenshot shows a room with a small room with a bed and a desk"
v5taxpsxbengllwhep6n.jpg,"Game has genres: Shooter, Puzzle, Adventure; perspectives: Third person. this game screenshot shows a woman in a street"
ngjabdx9cx5zpwi8p3ea.jpg,"Game has genres: Shooter, Puzzle, Adventure; perspectives: Third person. this game screenshot shows a scene from harry potter"
mfy5tjimkowdsjmkx4tj.jpg,"Game has genres: Shooter, Puzzle, Adventure; perspectives: Third person. this game screenshot shows a hospital room with a bed, a fire, and a person in the hospital"
rvjb70g68lwwehqnqpa9.jpg,"Game has genres: Shooter, Puzzle, Adventure; perspectives: Third person. this game screenshot shows a scene from the video game"
wiwmyubr1753px6p5emi.jpg,"Game has genres: Shooter, Puzzle, Adventure; perspectives: Third person. this game screenshot shows a scene from the video game"
dac3qjahaxymbnuh4j18.jpg,"Game has genres: Shooter, Puzzle, Adventure; perspectives: Third person. this game screenshot shows the fire in the background"
ptgwkx3xebyhs2lqkg0a.jpg,"Game has genres: Shooter, Puzzle, Adventure; perspectives: Third person. this game screenshot shows the first person in the game"
ilnxskvdmkhl3flo7bnp.jpg,"Game has genres: Shooter, Platform; perspectives: First person. this game screenshot shows you how to play doom"
p7xmrhtcomh9g4qvkto7.jpg,"Game has genres: Shooter, Platform; perspectives: First person. this game screenshot shows the path to the castle"
scljdo.jpg,"Game has genres: Shooter, Platform; perspectives: First person. this game screenshot shows a cave entrance"
scqkvk.jpg,"Game has genres: Shooter, Adventure; perspectives: First person. this game screenshot shows a fire in the field"
scqkvm.jpg,"Game has genres: Shooter, Adventure; perspectives: First person. this game screenshot shows you how to play call of the wild"
scqkvn.jpg,"Game has genres: Shooter, Adventure; perspectives: First person. this game screenshot shows a soldier in a jungle setting"
scqkvj.jpg,"Game has genres: Shooter, Adventure; perspectives: First person. this game screenshot shows a soldier in a destroyed house"
scqkvl.jpg,"Game has genres: Shooter, Adventure; perspectives: First person. this game screenshot shows a screenshot of a house in the background"
sctnfv.jpg,"Game has genres: Shooter, Adventure; perspectives: First person. this game screenshot shows the path to the beach"
sctnfw.jpg,"Game has genres: Shooter, Adventure; perspectives: First person. this game screenshot shows the location of the first person in the game"
sctkqi.jpg,"Game has genres: Shooter, Adventure; perspectives: First person. this game screenshot shows the path to the next level"
scc9gr.jpg,"Game has genres: Shooter, Platform, Puzzle, Adventure; perspectives: Third person. this game screenshot shows a person walking through a tunnel"
scc9gs.jpg,"Game has genres: Shooter, Platform, Puzzle, Adventure; perspectives: Third person. this game screenshot shows the game ' s main character, a man with a gun, and a woman with a gun"
scc9gt.jpg,"Game has genres: Shooter, Platform, Puzzle, Adventure; perspectives: Third person. this game screenshot shows the interior of the house"
scc9gq.jpg,"Game has genres: Shooter, Platform, Puzzle, Adventure; perspectives: Third person. this game screenshot shows the interior of a house"
scc9gp.jpg,"Game has genres: Shooter, Platform, Puzzle, Adventure; perspectives: Third person. this game screenshot shows a man in a cave"
ntobpmtenfzasaxryayd.jpg,"Game has genres: Role-playing (RPG), Strategy, Adventure; perspectives: First person, Third person, Bird view / Isometric. this game screenshot shows a huge explosion of explosions in the desert"
fqd3rzlogpv2xkotkzh2.jpg,"Game has genres: Role-playing (RPG), Strategy, Adventure; perspectives: First person, Third person, Bird view / Isometric. this game screenshot shows a giant dinosaur attacking a man"
z7lmgcl7wxfmz9lemy5x.jpg,"Game has genres: Role-playing (RPG), Strategy, Adventure; perspectives: First person, Third person, Bird view / Isometric. this game screenshot shows the main stage in the game"
bpxne7puintutyr8b8tb.jpg,"Game has genres: Role-playing (RPG), Strategy, Adventure; perspectives: First person, Third person, Bird view / Isometric. this game screenshot shows a dragon attacking a dragon"
sapaqogmut8s7qjso6jv.jpg,"Game has genres: Role-playing (RPG), Strategy, Adventure; perspectives: First person, Third person, Bird view / Isometric. this game screenshot shows a waterfall in the middle of the jungle"
scepfb.jpg,"Game has genres: Platform, Adventure; perspectives: Third person. this game screenshot shows a person jumping off a bridge"
scepfc.jpg,"Game has genres: Platform, Adventure; perspectives: Third person. this game screenshot shows a dragon attacking a castle"
scepf9.jpg,"Game has genres: Platform, Adventure; perspectives: Third person. this game screenshot shows the text in the middle of the game"
scepfa.jpg,"Game has genres: Platform, Adventure; perspectives: Third person. this game screenshot shows a frog in a green suit"
p4u78utviaojwj8ux0mh.jpg,Game has genres: Shooter; perspectives: First person. this game screenshot shows the inside of a building
mqwk9zuo1edj2wbmjf98.jpg,Game has genres: Shooter; perspectives: First person. this game screenshot shows a soldier in a street
ohafqlueosmaza9dtzpa.jpg,Game has genres: Shooter; perspectives: First person. this game screenshot shows the character in the game
ajtneoivbdbfkfebhorj.jpg,Game has genres: Shooter; perspectives: First person. this game screenshot shows the inside of a tunnel
zplhzhsugfsgwsgpmyts.jpg,Game has genres: Shooter; perspectives: First person. this game screenshot shows the location of the location of the location
scmxy1.jpg,"Game has genres: Role-playing (RPG), Simulator, Strategy, Adventure; perspectives: First person, Third person, Bird view / Isometric. this game screenshot shows a man talking to another man"
scmxy2.jpg,"Game has genres: Role-playing (RPG), Simulator, Strategy, Adventure; perspectives: First person, Third person, Bird view / Isometric. this game screenshot shows a person in a room with a green lantern"
scmxy3.jpg,"Game has genres: Role-playing (RPG), Simulator, Strategy, Adventure; perspectives: First person, Third person, Bird view / Isometric. this game screenshot shows a person in a room with a gas canister"
sc6vme.jpg,"Game has genres: Role-playing (RPG), Adventure; perspectives: Third person. this game screenshot shows the first - person view of the game"
sc6vmi.jpg,"Game has genres: Role-playing (RPG), Adventure; perspectives: Third person. this game screenshot shows a horse rider riding a horse"
sc6vmf.jpg,"Game has genres: Role-playing (RPG), Adventure; perspectives: Third person. this game screenshot shows the armor of the god in the elder"
sc6vmg.jpg,"Game has genres: Role-playing (RPG), Adventure; perspectives: Third person. this game screenshot shows the character in the game"
sc6vmd.jpg,"Game has genres: Role-playing (RPG), Adventure; perspectives: Third person. this game screenshot shows off the new world of warcraft"
sc6vmh.jpg,"Game has genres: Role-playing (RPG), Adventure; perspectives: Third person. this game screenshot shows a female warrior in a futuristic setting"
sc8fra.jpg,"Game has genres: Platform, Puzzle, Adventure; perspectives: Side view. this game screenshot shows the game ' s mains"
sc8frb.jpg,"Game has genres: Platform, Puzzle, Adventure; perspectives: Side view. this game screenshot shows a screenshot of a robot in a screenshot of a robot"
sc8frc.jpg,"Game has genres: Platform, Puzzle, Adventure; perspectives: Side view. this game screenshot shows the game ' s main menu"
sc8frd.jpg,"Game has genres: Platform, Puzzle, Adventure; perspectives: Side view. this game screenshot shows a scene from the video game"
vc7aart1lh126zay0bht.jpg,"Game has genres: Platform, Adventure; perspectives: Third person. this game screenshot shows the assassin assassin assassin assassin assassin assassin assassin assassin assassin assassin assassin assassin assassin assassin assassin assassin assassin assassin assassin"
yzvxp1kl4cyyepaip8rq.jpg,"Game has genres: Platform, Adventure; perspectives: Third person. this game screenshot shows a horse rider on a rock in a fantasy setting"
dzl38kiyengi9xykvjvm.jpg,"Game has genres: Platform, Adventure; perspectives: Third person. this game screenshot shows the assassin assassin assassin assassin assassin assassin assassin assassin assassin assassin assassin assassin assassin assassin assassin assassin assassin assassin assassin"
vk3hdbmtvtvp4n49y0zb.jpg,"Game has genres: Platform, Adventure; perspectives: Third person. this game screenshot shows the assassin in assassin 3"
ystcwk7tz9vbywph3bqk.jpg,"Game has genres: Platform, Adventure; perspectives: Third person. this game screenshot shows a man in a white suit flying over a city"
y80lcgfrhah0cv3u0bcb.jpg,"Game has genres: Real Time Strategy (RTS), Role-playing (RPG), Simulator, Strategy, Adventure; perspectives: Third person, Bird view / Isometric. this game screenshot shows the game ' s main characters"
jntqkmil5fd8riq0b56s.jpg,"Game has genres: Real Time Strategy (RTS), Role-playing (RPG), Simulator, Strategy, Adventure; perspectives: Third person, Bird view / Isometric. this game screenshot shows a group of warriors in a desert"
lworknq38b9yhzqnpdjp.jpg,"Game has genres: Real Time Strategy (RTS), Role-playing (RPG), Simulator, Strategy, Adventure; perspectives: Third person, Bird view / Isometric. this game screenshot shows a tree in the middle of a field of flowers"
gnmj1uc4gmiuhcb5ihx2.jpg,"Game has genres: Real Time Strategy (RTS), Role-playing (RPG), Simulator, Strategy, Adventure; perspectives: Third person, Bird view / Isometric. this game screenshot shows a variety of fish in the water"
ese5mvgiiv0lpzgzdbej.jpg,"Game has genres: Real Time Strategy (RTS), Role-playing (RPG), Simulator, Strategy, Adventure; perspectives: Third person, Bird view / Isometric. this game screenshot shows you how to get a lot of money"
hh3dpuxkeg5sxt5etjyw.jpg,"Game has genres: Shooter, Role-playing (RPG); perspectives: First person. this game screenshot shows a fireball in the fore - fire"
cmsyualloecuawmj4dc2.jpg,"Game has genres: Shooter, Role-playing (RPG); perspectives: First person. this game screenshot shows a screenshote in the game"
boaivf8bvafr9wohps1e.jpg,"Game has genres: Shooter, Role-playing (RPG); perspectives: First person. this game screenshot shows you how to get through the tunnel"
amz80bteucdquadhxeoc.jpg,"Game has genres: Shooter, Role-playing (RPG); perspectives: First person. this game screenshot shows a tunnel with a red laser in the center"
dh6cylhwlb9lgn59ysya.jpg,"Game has genres: Shooter, Role-playing (RPG); perspectives: First person. this game screenshot shows the inside of the room"
