title,game_folder
Bayonetta,Bayonetta
Call of Juarez: Bound In Blood,Call of Juarez_ Bound In Blood
Demon's Souls,Demon_s Souls
F.E.A.R.,F.E.A.R_
Kingdom Hearts II Final Mix,Kingdom Hearts II Final Mix
Ninja Gaiden Black,Ninja Gaiden Black
Prototype,Prototype
The Lord of the Rings: War in the North,The Lord of the Rings_ War in the North
The Saboteur,The Saboteur
Trine,Trine
Yakuza 3,Yakuza 3
Assassin's Creed,Assassin_s Creed
Assassin's Creed II,Assassin_s Creed II
Batman: Arkham Asylum,Batman_ Arkham Asylum
BioShock,BioShock
Burnout 3: Takedown,Burnout 3_ Takedown
Call of Duty 4: Modern Warfare,Call of Duty 4_ Modern Warfare
Company of Heroes,Company of Heroes
Crysis,Crysis
Dead Space,Dead Space
Deus Ex: Invisible War,Deus Ex_ Invisible War
Devil May Cry 2,Devil May Cry 2
Devil May Cry 3: Dante's Awakening,Devil May Cry 3_ Dante_s Awakening
Devil May Cry 4,Devil May Cry 4
Dragon Age: Origins,Dragon Age_ Origins
Final Fantasy X HD Remaster,Final Fantasy X HD Remaster
God of War,God of War
Grand Theft Auto: San Andreas,Grand Theft Auto_ San Andreas
Grand Theft Auto: Vice City,Grand Theft Auto_ Vice City
Guild Wars,Guild Wars
Half-Life,Half-Life
Half-Life 2,Half-Life 2
Halo: Combat Evolved,Halo_ Combat Evolved
Hitman: Blood Money,Hitman_ Blood Money
Lineage II,Lineage II
Mass Effect,Mass Effect
Metal Gear Solid 3: Snake Eater,Metal Gear Solid 3_ Snake Eater
Metal Gear Solid 4: Guns of the Patriots,Metal Gear Solid 4_ Guns of the Patriots
Mortal Kombat,Mortal Kombat
Need for Speed: Carbon,Need for Speed_ Carbon
Need for Speed: Most Wanted,Need for Speed_ Most Wanted
Need for Speed: Underground,Need for Speed_ Underground
Portal,Portal
Prince of Persia: The Sands of Time,Prince of Persia_ The Sands of Time
Prince of Persia: Warrior Within,Prince of Persia_ Warrior Within
Quake,Quake
Quake II,Quake II
Resident Evil 4,Resident Evil 4
Rome: Total War,Rome_ Total War
Sid Meier's Civilization V,Sid Meier_s Civilization V
Silent Hill 2,Silent Hill 2
Star Wars: Knights of the Old Republic,Star Wars_ Knights of the Old Republic
System Shock 2,System Shock 2
The Elder Scrolls III: Morrowind,The Elder Scrolls III_ Morrowind
The Elder Scrolls IV: Oblivion,The Elder Scrolls IV_ Oblivion
The Witcher,The Witcher
Thief II: The Metal Age,Thief II_ The Metal Age
Thief: The Dark Project,Thief_ The Dark Project
Tom Clancy's Splinter Cell: Chaos Theory,Tom Clancy_s Splinter Cell_ Chaos Theory
Tomb Raider II,Tomb Raider II
Tomb Raider: Anniversary,Tomb Raider_ Anniversary
Uncharted: Drake's Fortune,Uncharted_ Drake_s Fortune
Warcraft III: Reign of Chaos,Warcraft III_ Reign of Chaos
World of Warcraft,World of Warcraft
