game,url
Tomb Raider: Anniversary,https://www.youtube.com/watch?v=QJsw-IQjtzQ
Tomb Raider II,https://www.youtube.com/watch?v=iF6CWg4mYPA
Resident Evil 4,https://www.youtube.com/watch?v=m-bzZo_sRzY
Metal Gear Solid 3: Snake Eater,https://www.youtube.com/watch?v=1OULTZHx83g
Metal Gear Solid 4: Guns of the Patriots,https://www.youtube.com/watch?v=x6Uetfi8i24
Quake,https://www.youtube.com/watch?v=WJ_xy0agNm4
Quake II,https://www.youtube.com/watch?v=hSvKhiyQwwQ
Half-Life,https://www.youtube.com/watch?v=Atz_IGbNaAY
System Shock 2,https://www.youtube.com/watch?v=1HhPuDT4NKY
Grand Theft Auto: Vice City,https://www.youtube.com/watch?v=N9YvopAJEgo
Grand Theft Auto: San Andreas,https://www.youtube.com/watch?v=ZvPem5XYBrU
Assassin's Creed,https://www.youtube.com/watch?v=02GhfiB1Tnk
Assassin's Creed II,https://www.youtube.com/watch?v=wnUFurnVRCk
Prince of Persia: The Sands of Time,https://www.youtube.com/watch?v=dYVJCfruwqs
God of War,https://www.youtube.com/watch?v=3NEoBh2nFcM
Halo: Combat Evolved,https://www.youtube.com/watch?v=KevvNtOuEFo
Call of Duty 4: Modern Warfare,https://www.youtube.com/watch?v=GGKpAfEMAcI
Half-Life 2,https://www.youtube.com/watch?v=006iRze12HQ
Crysis,https://www.youtube.com/watch?v=dkWUX_vpnAU
The Elder Scrolls III: Morrowind,https://www.youtube.com/watch?v=gm9sZbKQOqg
Dragon Age: Origins,https://www.youtube.com/watch?v=MNlCCoPeghg
Star Wars: Knights of the Old Republic,https://www.youtube.com/watch?v=trYZFE0eh5k
Final Fantasy X HD Remaster,https://www.youtube.com/watch?v=7kgGgdqnfEE
Deus Ex: Invisible War,https://www.youtube.com/watch?v=R0Cv_920maU
Hitman: Blood Money,https://www.youtube.com/watch?v=CKcFI4usUPo
Tom Clancy's Splinter Cell: Chaos Theory,https://www.youtube.com/watch?v=XAOUaJg9gR4
Need for Speed: Underground,https://www.youtube.com/watch?v=8QEVyAJ2kjs
Need for Speed: Carbon,https://www.youtube.com/watch?v=pl246uA740Y
World of Warcraft,https://www.youtube.com/watch?v=wAFbMmfzg6k
Lineage II,https://www.youtube.com/watch?v=ogZPQtZPTfU
Portal,https://www.youtube.com/watch?v=0P2dzIa6pZY
Devil May Cry 2,https://www.youtube.com/watch?v=6zWLpw7CuM8
Devil May Cry 3: Dante's Awakening,https://www.youtube.com/watch?v=4xHX0D867Wk
Devil May Cry 4,https://www.youtube.com/watch?v=dlSUJVJHfD0
